{"stats":{"minecraft:picked_up":{"minecraft:wheat_seeds":3,"minecraft:porkchop":3,"minecraft:dirt":20},"minecraft:used":{"minecraft:dirt":18},"minecraft:killed":{"minecraft:pig":2},"minecraft:killed_by":{"minecraft:zombie":2},"minecraft:mined":{"minecraft:grass":6,"minecraft:grass_block":14,"minecraft:dirt":6,"minecraft:tall_grass":1},"minecraft:custom":{"minecraft:time_since_rest":2543,"minecraft:crouch_one_cm":206,"minecraft:play_one_minute":8727,"minecraft:sprint_one_cm":12165,"minecraft:damage_taken":495,"minecraft:deaths":2,"minecraft:walk_one_cm":13079,"minecraft:sneak_time":174,"minecraft:mob_kills":2,"minecraft:jump":215,"minecraft:damage_dealt":368,"minecraft:leave_game":3,"minecraft:walk_on_water_one_cm":2088,"minecraft:time_since_death":2238,"minecraft:fall_one_cm":4233,"minecraft:fly_one_cm":41318}},"DataVersion":2586}