{"stats":{"minecraft:picked_up":{"minecraft:wheat_seeds":3,"minecraft:porkchop":3,"minecraft:dirt":16},"minecraft:used":{"minecraft:dirt":14},"minecraft:killed":{"minecraft:pig":2},"minecraft:killed_by":{"minecraft:zombie":2},"minecraft:mined":{"minecraft:grass":6,"minecraft:grass_block":12,"minecraft:dirt":4,"minecraft:tall_grass":1},"minecraft:custom":{"minecraft:time_since_rest":136,"minecraft:play_one_minute":6320,"minecraft:crouch_one_cm":206,"minecraft:sprint_one_cm":9116,"minecraft:deaths":2,"minecraft:damage_taken":495,"minecraft:walk_one_cm":12268,"minecraft:sneak_time":165,"minecraft:mob_kills":2,"minecraft:jump":127,"minecraft:damage_dealt":368,"minecraft:leave_game":2,"minecraft:time_since_death":0,"minecraft:fall_one_cm":4024,"minecraft:fly_one_cm":21930}},"DataVersion":2586}